Name,Department,Google Scholar,OpenAlex,Status,Checked (yes/no)
Dr. Kirti Mathur,Computer Science,https://scholar.google.com/citations?user=SOnwU8YAAAAJ,https://openalex.org/A5113106817,Verified,
Dr. Ramesh Thakur,Computer Science,,https://openalex.org/A5101265486,Verified,
Dr. Shaligram Prajapat,Computer Science,https://scholar.google.com/citations?user=NQ69ZaAAAAAJ,https://openalex.org/A5013142439,Verified,
Dr. Yasmin Shaikh,Computer Science,https://scholar.google.com/citations?user=M_TaHyMAAAAJ,https://openalex.org/A5044368789,Verified,
Dr. Rahul Singhai,Computer Science,https://scholar.google.com/citations?user=HE70nNUAAAAJ,https://openalex.org/A5110563774,Verified,
Dr. Jugendra Dongre,Computer Science,https://scholar.google.com/citations?user=epRGFxMAAAAJ,https://openalex.org/A5032878135,Verified,
Dr. Manju Suchdeo,Computer Science,,,Not found,
Dr. Poonam Mangwani,Computer Science,,https://openalex.org/A5025782531,Verified,
Dr. Vivek Shrivastava,Computer Science,https://scholar.google.com/citations?user=BRYGgG0AAAAJ,https://openalex.org/A5124323219,Verified,
Dr. Basant Namdeo,Computer Science,https://scholar.google.com/citations?user=sHhctbsAAAAJ,https://openalex.org/A5069237076,Verified,
Dr. Nitin Nagar,Computer Science,https://scholar.google.com/citations?user=S9hYtdoAAAAJ,https://openalex.org/A5103078673,Verified,
Dr. Rupesh Sendre,Computer Science,https://scholar.google.com/citations?user=qfWAVxIAAAAJ,,Verified,
Ms. Shraddha Soni,Computer Science,,,Not found,
Ms. Kirti Vijayvargiya,Computer Science,,,Not found,
Mr. Rajesh Verma,Computer Science,,,Not found,
Dr. Pradeep K. Jatav,Computer Science,https://scholar.google.com/citations?user=FMxU9pYAAAAJ,,Verified,
Ms. Shailvi Verma,Computer Science,,,Not found,
Dr. B. K. Tripathi,Management,https://scholar.google.com/citations?user=iYpxHCsAAAAJ,,Verified,
Dr. Yamini Karmarkar,Management,https://scholar.google.com/citations?user=yfSrg8cAAAAJ,https://openalex.org/A5089567108,Verified,
Dr. Geeta Sharma,Management,https://scholar.google.com/citations?user=Qien4ssAAAAJ,https://openalex.org/A5110372267,Verified,
Dr. Geeta Nema,Management,https://scholar.google.com/citations?user=0pvAMBwAAAAJ,https://openalex.org/A5005889986,Verified,
Dr. Jyoti Sharma,Management,,,Not found,
Dr. Manish Sitlani,Management,https://scholar.google.com/citations?user=5KFV2l8AAAAJ,https://openalex.org/A5074800970,Verified,
Dr. Preeti Singh,Management,,,Not found,
Dr. S.C. Patidar,Management,,,Not found,
Dr. Ravindra Yadav,Management,https://scholar.google.com/citations?user=1PkAELMAAAAJ,,Verified,
Dr. Manminder S. Saluja,Management,https://scholar.google.com/citations?user=ty0yvL0AAAAJ,,Verified,
Dr. Anshu Bhati,Management,https://scholar.google.com/citations?user=oYjNAt0AAAAJ,,Verified,
Dr. Pooja Jain,Management,,https://openalex.org/A5073938125,Verified,
Dr. Sujata Parwani,Management,,,Not found,
Dr. Gaurav Purohit,Management,,,Not found,
Dr. Surendra Malviya,Management,https://scholar.google.com/citations?user=BpZxDKQAAAAJ,https://openalex.org/A5064764733,Verified,
Dr. Kapil Jain,Management,,,Not found,
Dr. Shilpa Bagdare,Management,,https://openalex.org/A5015236855,Verified,
Dr. M. Karamchandani,Management,,,Not found,
Dr. Nirmala Sawan,Management,,https://openalex.org/A5040610241,Please check,
Dr. Navneet K. Bhatia,Management,,,Not found,
Dr. Prerna Kumar,Management,,https://openalex.org/A5110305870,Please check,
Dr. Naresh Dembla,Management,,https://openalex.org/A5092575448,Verified,
Dr. Ravi Bunkar,Management,,,Not found,
Dr. Monalisa Khatre,Management,,,Not found,
Dr. Jyoti Jain,Management,,,Not found,
